Cod_laboratorio;Sigla;Nome_do_laboratorio;Descricao;Laboratorio_em_atividade(s/n);Centro_de_lotacao;Localizacao_fisica;Area(m2);Coordenador
LAB217-2021;LAB1822020;Jose Antonio Souza, Ph.D.;NA;SIM;CCNH;Bloco A, torre 3;90;JOSE ANTONIO SOUZA
LAB204-2020;LEOE;Espectroscopias Óptica e Eletrônica;"Usar luz como ferramenta para estudar a física por trás de sistemas biológicos ou bioinspirados é a principal tarefa do trabalho de pesquisa desenvolvido neste laboratório. O trabalho é intrinsecamente interdisciplinar e em nosso grupo físicos, químicos, engenheiros, médicos, biólogos trabalham juntos, trocam experiências e colaboram na resolução de problemas desafiadores na interface entre Física da Matéria Condensada e Biomedicina. Nossas atuais linhas de pesquisa envolvem: i) Dinâmica da matéria mole (propriedades de sistemas desordenados como vidros e tecidos biológicos); ii) Espectroscopia Vibracional de sistemas anarmônicos; iii) Biópsia óptica de diversas patologias; iv) Simulações computacionais e modelamento de macromoléculas e tecidos. Exemplos de problemas atuais pesquisados em nosso grupo: diagnóstico não-invasivo em tempo real de canceres via biópsia líquida (saliva, sangue, etc); transições piezoelétricas e magnéticas em sistemas bioinspirados para aplicações em biodispositivos; papel da água confinada em bionanomedicina; cálculo de propriedades físicas de tecidos usando física computacional de alto desempenho.";SIM;CCNH;LS19A/LS24, Bloco A, sub-solo, campus Santo André;116.48;HERCULANO DA SILVA MARTINHO
LAB28-2018;CMCC26;Metodologias e Técnicas da Computação;Labotatório de Metodologias e Técnicas da Computação, com ênfase em pesquisa e desenvolvimento de algoritmos para reconhecimento de padrões em bioinformática e biologia sistêmica;SIM;CMCC - DIVISÃO ACADÊMICA DO CMCC;Bloco L - Sala 105;50.69;DAVID CORREA MARTINS JUNIOR
LAB158-2019;;Laboratório de Nanotecnologia e Corrosão;O laboratório tem uma sala principal com bancada central de mármore, bancada lateral sem tampo de mármore, uma bancada junto à parede do fundo, sendo uma parte com tampo de mármore e com uma pia (ao lado esquerdo da banca central) e uma outra parte com bancada sem tampo de mármore (ao lado direto da bancada central). Possui pontos para gases especiais (argônio, nitrogênio, hidrogênio, CO2 e O2). Possui ainda duas salas menores. Uma das salas possui uma bancada sem tampo de mármore. A outra sala tem capela e armário sob a capela. Além disso, possui uma bancada com tampo de mármore e armários sob a bancada, além de uma pia.;SIM;CECS;Bloco B, Mezanino, primeiro andar, laboratório 106;64.02;RENATO ALTOBELLI ANTUNES
LAB63-2018;CECS19;Processos Biológicos;"O laboratório de Processos Biológicos tem por objetivo pesquisas na área de saneamento ambiental, remediação de áreas contaminadas e tratamento de efluentes. O mesmo foi entregue no final de 2013, atendendo as pesquisas de mestrado em Ciência e Tecnologia Ambiental, bem como aos trabalhos de conclusão de curso de graduação em Engenharia Ambiental e Urbana, Biologia, Química, além de projetos temáticos e financiados pela universidade, com orientação de alunos de IC dos cursos acimas citados. O laboratório se insere dentro dos Grupos de Pesquisa cadastrados no CNPq:   RESAC: Resíduos Sólidos e Áreas Contaminadas (dgp.cnpq.br/dgp/espelhogrupo/7497783216246042) TecSAm: Tecnologias em Saneamento Ambiental (dgp.cnpq.br/dgp/espelhogrupo/7710868025984069) Dentre as linhas de pesquisas: -Investigação geoambiental de áreas contaminadas; -Resíduos sólidos urbanos; -Compostagem; -Biorremediação/Fitorremediação; ";SIM;CECS - DIVISÃO ACADÊMICA DO CECS;Bloco A - Sala LS 28;100;LUISA HELENA DOS SANTOS OLIVEIRA
LAB61-2018;CECS17;Geotecnia;"LABORATÓRIO DE GEOTECNIA – LABGEO UFABC LOCALIZAÇÃO: SUBSOLO BLOCO A – PRÓXIMO TORRE 2 ÁREA: APROXIMADAMENTE 60 m2 PRÁTICAS REALIZADAS: OS ENSAIOS QUE SÃO REALIZADOS NO LABORATÓRIO DE GEOTECNIA DA UFABC CONTEMPLAM, ALÉM DA CARACTERIZAÇÃO PARA DEVIDA CLASSIFICAÇÃO DAS AMOSTRAS DE SOLO COLETADAS, A AVALIAÇÃO DO COMPORTAMENTO GEOMECÂNICO DOS SOLOS E INCLUEM AS SEGUINTES PRÁTICAS: - AMOSTRAGEM; - IDENTIFICAÇÃO VISUAL E TÁCTIL; - ÍNDICES FÍSICOS; - ANÁLISE GRANULOMÉTRICA; - DETERMINAÇÃO DO TEOR DE UMIDADE; - LIMITES DE CONSISTÊNCIA; - CAPILARIDADE, ÁGUA SUBTERRÂNEA E PERMEABILIDADE; - COMPRESSIBILIDADE – ADENSAMENTO; - COMPACTAÇÃO PROCTOR; - COMPACTAÇÃO MCT; - ENSAIOS PARA AVALIAÇÃO DE RESISTÊNCIA AO CISALHAMENTO; - ENSAIOS PARA AVALIAÇÃO DA ERODIBILIDADE DOS SOLOS. USUÁRIOS: ALUNOS DE GRADUAÇÃO E PÓS-GRADUAÇÃO da UFABC, DO CURSO DE ENGENHARIA AMBIENTAL E URBANA E ALUNOS DO BC&T. AULAS PRÁTICAS, ATIVIDADES DE PESQUISA, ENSINO E EXTENSÃO. PROJETOS DE IC, PDPD E TG. PROJETOS DO MINISTÉRIOS DAS CIDADES E DO CONSÓRCIO INTERMUNICIPAL SOBRE ÁREAS DE RISCO. TODAS AS MEDIDAS REALIZADAS NO LABORATÓRIO, SOBRE O COMPORTAMENTO GEOMECÂNICO DOS SOLOS, DEPENDEM DA MANUTENÇÃO DO TEOR DE UMIDADE, DA ESTRUTURA E DO GRAU DE SATURAÇÃO DAS AMOSTRAS INDEFORMADAS. VALE DESTACAR QUE TRATA-SE DE UM LABORATÓRIO DE AVALIAÇÃO DO SOLO SOB O ASPECTO GEOMECÂNICO, NÃO CABENDO PRÁTICAS QUE ENVOLVAM SOLOS CONTAMINADOS E/OU RESÍDUOS SÓLIDOS. NO LABORATÓRIO ENCONTRAM-SE VIDRARIAS, ACESSÓRIOS DIVERSOS (ESPÁTULAS, COLHERES, CONCHAS, CÁPSULAS, PAQUÍMETROS ETC.), BALANÇAS, ESTUFAS E EQUIPAMENTOS ESPECÍFICOS DA ÁREA DE ENGENHARIA GEOTÉCNICA (PRENSAS, COMPACTADORES, AGITADORES DE PENEIRAS, TRADOS ETC.) ";SIM;CECS;Bloco A - Sala SL 18;60;CLAUDIA FRANCISCA ESCOBAR DE PAIVA
LAB192-2020;LEDII;Laboratório de Evolução e Diversidade II;NA;SIM;CCNH;Bloco Delta 102;120.25;DANILO DA CRUZ CENTENO
LAB41-2018;NANOBIOMAV;Nanoestruturas para Biologia e Materiais Avançados;O laboratório engloba linhas de pesquisa em Nanociências e Bioquímica.;SIM;CCNH;Bloco A - Sala 703-3 e Sala 703-1;120;ISELI LOURENCO NANTES CARDOSO
LAB200-2020;L103;Laboratório de Evolução e Diversidade III;NA;SIM;CCNH;Bloco Delta - Sala 103;55.06;ANA PAULA DE MORAES
LAB48-2018;CECS4;Laboratório de Polímeros Ambientalmente Amigáveis;O Laboratório de Polímeros Ambientalmente Amigáveis desenvolve materiais poliméricos e compósitos envolvendo matrizes poliméricas biodegradáveis e recicláveis e aditivos e cargas naturais (como argilas, fibras naturais e aditivos em geral). No laboratório são desenvolvidos novos materiais e realizadas as suas caracterizações, em especial, de biodegradação.;SIM;CECS;Bloco A - Sala 803-1;110;DERVAL DOS SANTOS ROSA
LAB149-2018;BNM;BioNano&Metals;Syntheses, characterization and applications of nanomaterials based on polymers and metal. Analytical procedures for trace analysis and speciation by HPLC and single partile ICP-MS.;SIM;CCNH;Campus Santo André;105;AMEDEA BAROZZI SEABRA
LAB68-2018;CECS24;Informação e Comunicação I;"Nas últimas décadas, o mundo tem presenciado grandes avanços nas áreas de comunicações sem fio e Internet. A comunicação sem fio oferece conexão sem fronteiras; com o acesso de rádio móvel é possível estabelecer comunicação caminhando, dentro de veículos, ou em qualquer lugar que o sistema assim o permitir. A Internet proporciona um caminho acessível para conectar o mundo. O crescente interesse por esse caminho de comunicação global trouxe avanços nunca antes imaginados na interface homem-máquina, nos recursos multimídia oferecidos, na capacidade do comércio eletrônico, na velocidade de acesso e principalmente na forma de comunicação à distância. O Laboratório de Informação e Comunicação oferece uma infraestrutura especifica para a elaboração de projetos de pesquisa nestas áreas de conhecimento, possibilitando o desenvolvimento de protótipos de dispositivos e subsistemas, bem como sua caracterização através de medidas, como por exemplo, testes de antenas, testes de compatibilidade e interferência eletromagnética de dispositivos e subsistemas, desenvolvimento de materiais para blindagem eletromagnética e testes de padrões de comunicação cabeados e sem fio.";SIM;CECS;Bloco A - Sala SL 26;89;IVAN ROBERTO SANTANA CASELLA
LAB146-2018;;Neurociência computacional;Laboratório de informática com foco em pesquisa envolvendo neuroinformática, métodos quantitativos e neurociência computacional e processamento de sinais neurais.;SIM;CMCC;Bloco Delta - Sala 117;40;JOAO RICARDO SATO
LAB135-2018;CEMSB;Central Experimental Multiusuário - Campus São Bernardo;A Central Experimental Multiusuário (CEM) da UFABC é um complexo de laboratórios multiusuários sob administração da Pró-Reitoria de Pesquisa, equipado com diversos equipamentos de médio e grande porte para realização de experimentos nas áreas de Física, Química, Biologia e Engenharias. A missão da CEM é oferecer condições para a realização de caracterização de materiais avançados e sistemas biológicos empregando as mais sofisticadas técnicas experimentais disponíveis atualmente. O regime de uso é multiusuário, servindo à comunidade local (docentes, pós-doutorandos, pós-graduandos e alunos de iniciação científica) e regional (colaboradores de outras instituições de ensino e pesquisa, centros de pesquisa privados, empresas e organizações).;SIM;PROPES;Bloco Delta - 1º Andar - Laboratório 111;112;JULIANA KELMY MACARIO BARBOZA DAGUANO
LAB198-2020;LIPEC;Laboratório Interdisciplinar de Pesquisa em Ensino de Ciências;Realização de atividades de pesquisa sobre Ensino e Aprendizagem em Ciências, Formação de Professores de Ciências. O laboratório possui espaço seco, no qual são realizadas diversas atividades de pesquisa, entre elas: reuniões, planejamentos, construção e análise de materiais didáticos, simulações de aulas etc... Possui também um espaço molhado no qual são realizados diversos experimentos e testagem de materiais.;SIM;CCNH;Bloco A - SUBSOLO;120;MIRIAN PACHECO SILVA ALBRECHT
LAB134-2018;CEMSA;Central Experimental Multiusuário - Campus Santo André;A CEMSA é composta por laboratórios multiusuários (LMU), vinculadas à Pró-Reitoria de Pesquisa (PROPES), equipados com equipamentos de pequeno, médio e grande porte para realização de experimentos nas áreas de Física, Química, Biologia e Engenharias. A sua missão é oferecer condições para a realização de caracterização de materiais avançados e sistemas biológicos empregando as mais sofisticadas técnicas experimentais disponíveis atualmente bem como o fornecimento de insumos tecnológicos. O regime de uso das facilidades é multiusuário, servindo à comunidade interna (docentes, pós-doutorandos, pós-graduandos e alunos de iniciação científica) e externa (colaboradores de outras instituições de ensino e pesquisa, centros de pesquisa privados, empresas e organizações).;SIM;PROPES;Bloco B - Térreo, bloco L - Térreo e bloco K;1;THIAGO BRANQUINHO DE QUEIROZ
LAB202-2020;L105;Laboratório de Biologia Molecular e Bioquímica;Laboratório de investigação científica em vírus (citomegalovírus), inibidores de serinoproteases, proteases, expressão de proteínas recombinantes e efeito dos inibidores de serinoproteases em modelos de doenças em animais e em células.;SIM;CCNH;Bloco Delta, laboratório 105;116.86;SERGIO DAISHI SASAKI
LAB179-2020;;Biotecnologia Verde;Este grupo realiza pesquisas científicas nas áreas de Biotecnologia de Microalgas e Biotecnologia de Plantas. Na área de biotecnologia de plantas com mecanismos de tolerância a estresses abióticos (seca e salinidade) em plantas, com enfoque na geração de novas linhagens resistentes aos estresses e com a aplicação da Biotecnologia Vegetal para o desenvolvimento de novas tecnologias de energia sustentável. Na área de biotecnologia de microalgas com processos e condições de cultivo, e engenharia genética para uso de microalga como plataforma de produção de proteínas recombinantes.;SIM;CCNH;Laboratório L302, Bloco L;67.1;LIVIA SENO FERREIRA CAMARGO
LAB141-2018;;Neurogenética;Laboratório dedicado a estudar aspectos celulares e moleculares relacionados com o desenvolvimento e degeneração do sistema nervoso;SIM;CMCC;Bloco Delta - Sala 112;110;ALEXANDRE HIROAKI KIHARA
LAB190-2020;;Laboratório de Astrofísica Teórica e Computacional;Laboratório dedicado à pesquisa na área de Astrofísica Teórica e Computacional;SIM;CCNH;Sala 207 Bloco L Campus Santo André;50;GERMAN LUGONES
LAB33-2018;CCNH2;Sistemática e Diversidade;O laboratório de Sistemática e Diversidade (LSD) da UFABC lida com pesquisas nas áreas de taxonomia, sistemática, ecologia e biogeografia de diferentes grupos taxonômicos (notadamente insetos).;SIM;CCNH;Bloco A - Sala 501-3;86;CHARLES MORPHY DIAS DOS SANTOS
LAB37-2018;CCNH6;Síntese e Físico-Química Orgânica;Laboratório de Síntese e Físico-Química Orgânica;SIM;CCNH;Bloco A - Sala 505-3;95;ARTUR FRANZ KEPPLER
LAB189-2020;;Laboratório de Física de Partículas Elementares e Altas Energias;Espaço usado pelos físicos na área de partículas associados a grandes colaborações experimentais, como os experimentos do Centro Europeu de Pesquisas Nucleares (CERN) e do Laboratório Nacional Fermi (Fermilab). Além de análise de dados, pretendemos prestar serviços às grandes colaborações experimentais das quais participamos na caracterização de componentes, principalmente de detectores, a serem construidos ou renovados.;SIM;CCNH;Bloco L - Sala 214;73.38;CELIO ADREGA DE MOURA JUNIOR
LAB106-2018;CECS62;Desenvolvimento de Projetos: Eng. Aeroespacial, Biomédica e Gestão;Trata-se de espaço destinado ao desenvolvimento de projetos de pesquisa envolvendo a Engenharia Biomédica, Gestão e Aeroespacial.;SIM;CECS;Bloco Delta - Sala 005;49;FERNANDA NASCIMENTO ALMEIDA
LAB94-2018;CECS50;Laboratório de Materiais Híbridos para Energia;Síntese e caracterização de novos materiais para a área de energia;SIM;CECS;Bloco L - Sala 607;70;SERGIO BROCHSZTAIN
LAB185-2020;QIST;Ciência e Tecnologia em Informação Quântica;Ciência e Tecnologia da Informação Quântica - Quantum Information Science and Tecnology;SIM;CCNH;Bloco L;73.27;ROBERTO MENEZES SERRA
LAB124-2018;CECS80;Caracterização de Biomateriais e Tecidos Biológicos;Laboratório de pesquisa interdisciplinar direcionado à caracterização de materiais para aplicações biomédicas e também de tecidos biológicos, em especial caracterização microestrutural. Ainda, esse laboratório atende projetos na área de desenvolvimento de novas técnicas de caracterização e avaliação de tecidos biológicos, tais como ultrassom.;SIM;CECS;Bloco Ômega - Sala 013;65;JULIANA KELMY MACARIO BARBOZA DAGUANO
LAB152-2018;;Laboratório de Astrofísica Relativística;Laboratório destinado às atividades de pesquisa do Grupo de Astrofísica Relativística da UFABC, coordenado pela Prof.ª Cecilia Chirenti.;SIM;CMCC;Mezanino do Bloco B - sala 206 (2º andar);26;CECILIA BERTONI MARTHA HADLER CHIRENTI
LAB75-2018;CECS31;Laboratório Experimental em Saneamento Ambiental;NA;SIM;CECS;Bloco L - Sala 105;90;EDUARDO LUCAS SUBTIL
LAB82-2018;CECS38;Navegação, Instrumentação e Sistemas Aeroespaciais;NA;SIM;CECS;Bloco L - Sala 216;48;ANTONIO GIL VICENTE DE BRUM
LAB104-2018;CECS60;Laboratório de Sistemas de Produção e Eficiência Energética;Laboratório de Sistemas de Produção e Eficiência Energética.;SIM;CECS;Bloco Delta - Sala 002;50;DOUGLAS ALVES CASSIANO
LAB171-2019;;Laboratório de Bioquímica de Doenças Inatas e Câncer;Laboratório de pesquisa em doenças inatas e câncer, sob responsabilidade dos Profs. César Ribeiro e Eloah Suarez.;SIM;CCNH;Bloco L, lab. 316;67.55;CESAR AUGUSTO JOAO RIBEIRO
LAB102-2018;CECS58;Biofabricação e Sistemas de Manufatura;Laboratório de manufatura de materiais biocompatíveis e desenvolvimento de processos;SIM;CECS;Bloco L - Sala 004;50;LEONARDO RIBEIRO RODRIGUES
LAB66-2018;;Laboratório de Materiais Avançados - Nanoestruturas e Dispositivos;NA;SIM;CECS;Bloco A - Sala SL 23;90;MARCIA TSUYAMA ESCOTE
LAB154-2018;DNL;Laboratório de Dinâmica não-Linear;Este laboratório se destina à investigação de fenômenos não lineares, como dinâmica caótica, bifurcações e estabilidade de ciclos-limite, além de aplicações em áreas como biologia e mecânica dos fluidos. São também objetos de estudo neste laboratório os processos estocásticos e suas aplicações. Embora majoritariamente destinado a simulações computacionais, o laboratório pode acomodar também alguns experimentos.;SIM;CMCC;Bloco L - sala 108;57.62;RAFAEL RIBEIRO DIAS VILELA DE OLIVEIRA
LAB170-2019;LIFI;Laboratório de Interação Fluido-Estrutura;Laboratório para conduzir pesquisas experimentais e computacionais de problemas de interação fluido-estrutura provenientes dos sistemas de escoamento de petróleo e gás natural em alto mar. Especificamente aborda-se a vibração induzida por vórtices, interação com o solo marino, efeitos da dinâmica do escoamento interno multifásico, comportamento estrutural e dinâmica não linear de dutos, tubulações e mangotes flexíveis criogênicos. Com o descobrimento de grandes quantidades de petróleo e gás natural na camada do Pré-sal brasileiro, em águas ultraprofundas, novos problemas técnico-científicos têm surgido nos sistemas de escoamento desses fluidos combustíveis. Assim, este laboratório orienta suas atividades de pesquisa para fazer frente a estes desafios tecnológicos.;SIM;CECS-DAc;L-601, Bloco L, SA;96;JUAN PABLO JULCA AVILA
LAB105-2018;CECS61;Laboratório Computacional da Engenharia Aeroespacial;Espaço destinado à realização de projetos, desenvolvimento e manufatura de componentes de sistemas aeroespaciais.;SIM;CECS;Bloco Delta - Sala 003;49;LEANDRO BARONI
LAB133-2018;CECS89;Laboratório de Sistemas eletrônicos, fotônicos inteligentes;"O LAB abriga vários linhas de pesquisas relacionadas com processamento de informação, inteligência artificial, internet das coisas, fotônica, multimídia, interface homem-máquina, processamento de sinais, robótica e instrumentação. Vários professores/pesquisadores fazem uso do LAB, nominalmente: - André Kazuo Takahata; - Claudio Bordin; - Celso Kurashima; - Diego Marconi; - João Henrique Kleinschmidt; - João Henrique Ranhel Ribeiro; - Mário Gazziro; - Mario Minami; Algumas pesquisas realizadas no LAB: . Análise de requisitos linguístico-computacionais e criação de interfaces homem-máquina; . Otimização de rotas e trajetórias de VANTs; . Aplicações de VANTs em Internet das Coisas; . Redes neurais pulsadas bioinspiradas; . Processamento Estatístico de Sinais; . Atualização do controlador gráfico do kit didático para ensino de arquiteturas AP9 com base no controlador Gameduino. . Próteses mamárias para mulheres mastectomizadas através de impressão 3d; . Escanner 3D para determinação da espessura da camada de toucinho em suínos; . Características antropométricas a partir de impressões de palma de mão para análises forenses; . Simulador para controle dinâmico de robôs móveis com acionamento diferencial; . Desenvolvimento de vestimentas tecnológicas (parceria Unicamp);";SIM;CECS;Bloco L - Sala 403;150;JOAO HENRIQUE RANHEL RIBEIRO
LAB147-2018;;Eletrofisiologia;Laboratório de eletrofisiologia animal;SIM;CMCC;Bloco Delta - Sala 119;44.02;MARCELO SALVADOR CAETANO
LAB155-2018;HUFABC;Herbário;Herbários são coleções de plantas desidratadas conservadas e organizadas com o intuito de documentar a diversidade vegetal. O material tombado nessas coleções (as chamadas exsicatas) serve de base para a correta identificação de espécies, sendo útil em trabalhos como os inventários florísticos e/ou as certificação da diversidade e da riqueza da flora de uma região ou país. As coleções de herbários também podem dar subsídios a estudos em ecologia e biogeografia. Além disso, um herbário é um importante documento histórico sobre os caminhos percorridos por naturalistas, botânicos e coletores. O Herbário da Universidade Federal do ABC (HUFABC) está cadastrado no Index Herbariorum, um diretório que lista as informações sobre os aproximadamente 3 mil herbários do mundo e estima que no mundo exista mais de 387 milhões de exsicatas. O HUFABC, vinculado administrativamente à Pró-Reitoria de Pesquisa da UFABC, está localizado no Bloco Delta do Câmpus São Bernardo do Campo. A coleção possui cerca de 1.000 exsicatas provenientes principalmente de Parques Urbanos da região do ABC Paulista, além de material proveniente de Parques Estaduais e Nacionais, especialmente do estado de São Paulo (452 exsicatas). Adicionalmente, a coleção conta com duplicatas dos herbários nacionais como SP, HRCB, SPFR, HCF, MG, HCDAL, TANG e INPA. Dentre as famílias representadas na coleção, a mais numerosa é Gesneriaceae (144), sendo que a coleção conta com dois holótipos (i.e., espécimes-tipos empregados na descrição da espécie) dessa família. A coleção do HUFABC está em processo constante de informatização no software Brahms - um programa para gerenciamento de coleções botânicas. Dessa forma, garantimos a disponibilização online da coleção para consulta remota por especialistas e botânicos do mundo.;SIM;PROPES;Bloco Delta, Lab 103;66.44;ANA PAULA DE MORAES
LAB52-2018;CECS8;Modelagem Ambiental e Urbana;NA;SIM;CECS;Bloco A - Sala LS 04;44;HUMBERTO DE PAIVA JUNIOR
LAB183-2020;LBM;Laboratório de Biofísica Molecular - Interface Física Biologia - L603;Laboratório de Biofísica Molecular para o estudos de macromoléculas biológicas e interface entre Física e Biologia. Estudo de proteínas recombinantes e outras biomoléculas com potencial para aplicações biotecnológicas. Síntese de nanopartículas assistidas por proteínas e outras biomoléculas. Determinação da estrutura cristalográfica de proteínas utilizando difração de raios X. Estudo da forma e flexibilidade de proteínas em solução usando espalhamento de raios X a baixos ângulos (SAXS). Estudo da estrutura, estabilidade e função de proteínas utilizando técnicas espectroscópicas (dicroísmo circular, fluorescência e infravermelho) e ensaios bioquímicos para avaliação da atividade biológica.;SIM;CCNH;Bloco L - L603;58.87;WANIUS JOSE GARCIA DA SILVA
LAB60-2018;CECS16;Análises Ambientais;NA;SIM;CECS;Bloco A - Sala SL 17;91;LUCIA HELENA GOMES COELHO
LAB110-2018;CECS66;Interdisciplinar de manufatura;O Laboratório Interdisciplinar de Manufatura tem a missão de: “Realizar o ensino, pesquisa e extensão sobre: tecnologias e sistemas de fabricação, manufatura avançada, gestão e sustentabilidade na manufatura. ” A concepção e o planejamento para a realização do laboratório foram iniciados no ano de 2014. No ano de 2015 foram realizadas as aquisições dos equipamentos e no ano de 2016 se deram o início das atividades do laboratório com a entrega do bloco Ômega localizado no campus São Bernardo do Campo da Universidade Federal do ABC. O conceito do Laboratório proporcionou a integração de dois ambientes incluindo uma área para exposição de conteúdo com suporte de sistemas computacionais, assim como o ambiente para realização de experimentação nos equipamentos. Desde o ano de 2016 as atividades desenvolvidas no Laboratório contemplaram aulas de graduação, trabalhos de graduação, projetos de pesquisa e atividades de extensão.;SIM;CECS - COORDENAÇÃO DO BACHARELADO EM ENGENHARIA DE GESTÃO;Bloco Ômega - Sala 001;100;ERIK GUSTAVO DEL CONTE
LAB34-2018;CCNH3;Biologia Celular e Molecular;NA;SIM;CCNH;Bloco A - L502-3;85;MARCELO AUGUSTO CHRISTOFFOLETE
LAB177-2020;LSBG;Laboratório de Sistemas Biológicos e Genômica;Laboratório dedicado à análise de genômica funcional, biologia molecular e celular. Trabalha com diversos organismos modelo, de microrganismos à plantas e tecidos humanos. Possui a infraestrutura para a realização de métodos básicos em biologia molecular e celular, cultura de células, de plantas, sequenciamento de DNA next-generation, purificação de proteínas e ensaio antimicrobianos.;SIM;CCNH;Bloco Delta - Sala 106;117.42;NATHALIA DE SETTA COSTA
LAB195-2020;LACOMB;LACOMB - Compostos Bioativos;No Laboratório de pesquisa LACOMB (Laboratórios L602 e L604) são sintetizados compostos orgânicos com grande potencial de aplicação em sistemas biológicos. Além disso, são desenvolvidas novas rotas sintéticas de compostos químicos, no intuito de diminuir o impacto ambiental na obtenção dessas substâncias.;SIM;CCNH;Bloco L;218.16;VANI XAVIER DE OLIVEIRA JUNIOR
LAB196-2020;CCNH102B;Eletroquímica e Materiais Nanoestruturados;Área de atuação principal: Eletroquímica e Materiais Nanoestruturados / Química / Nanociência e Materiais Avançados;SIM;CCNH;Santo André, Bloco B, salas 102/103;145;MAURO COELHO DOS SANTOS
LAB81-2018;CECS37;Comunicações Ópticas e Sem Fio;NA;SIM;CECS;Bloco L - Sala 210;50;LUIZ HENRIQUE BONANI DO NASCIMENTO
LAB160-2019;LAMEN;Laboratório de Materiais para Energia;Pesquisa em materiais eletrocerâmicos, nanomateriais, filmes finos, condutores iônicos, materiais 2D, nanomateriais de carbono. Células a combustível, conversão de metano, dispositivos de memória resistiva, etc;SIM;CECS-DAc;Bloco L - L001 - Santo André;160;ANDRE SANTAROSA FERLAUTO
LAB176-2020;BM;BioNanos & Metals;Laboratório de Pesquisa focado em desenvolvimento e aplicação de nanopartículas e focado também na determinação de elementos químicos por ICP-MS. Nosso foco são diversas amostras e ambientes, sejam materiais, biológicos, alimentos, medicamentos e ambiental.;SIM;CCNH;Laboratório 605;100;BRUNO LEMOS BATISTA
LAB138-2018;CCNH101DELTA;Laboratório de Evolução e Diversidade I;Laboratório de pesquisa, Evolução e Diversidade, do CCNH dividido por 08 docentes da Biologia. Área de atuação: Biodiversidade (Sistemática/Zoologia, Ecologia e Ecologia Marinha). Além dos docentes, o espaço é utilizado por alunos de graduação (ICs), Pós-Graduação (mestrandos e doutorandos) e Pós-Doutorandos.;SIM;CCNH;São Bernardo, Bloco Delta, sala 101;120;FERNANDO ZANIOLO GIBRAN
LAB210-2020;LICSE;Laboratório de Inteligência Computacional Aplicada a Sistemas Elétricos;O Laboratório de Inteligência Computacional Aplicada a Sistemas Elétricos (LICSE) desenvolve pesquisas em sistemas de energia elétrica e áreas relacionadas. As pesquisas estão direcionadas à solução de problemas na operação e o planejamento de sistemas de geração, transmissão e distribuição de energia elétrica. Os estudos desenvolvidos pelo LICSE, em sua maioria, são financiados por agências de fomento à pesquisa (CAPES, CNPq e FAPESP) ou empresas por meio de projetos de pesquisa e desenvolvimento (P&D).;SIM;CECS-DAc;Bloco L;50;JOEL DAVID MELO TRUJILLO
LAB162-2019;LEREAB;Laboratório de Engenharia de Reabilitação e Tecnologia Assistiva;Laboratório de Engenharia de Reabilitação e Tecnologia Assistiva;SIM;CECS;Laboratório 002 do bloco Zeta;40;DANIEL BOARI COELHO
LAB163-2019;LPMC;Laboratório de Processamento de Metais e Cerâmicas;"O Laboratório de Processamento de Metais e Cerâmicas (LPMC) é um Laboratório de Pesquisa da Universidade Federal do ABC (UFABC), localizado no Campus Santo André, bloco A, no sub-solo da torre 1, e visa atender: Docentes e Discentes da UFABC, particularmente de cursos regulares de Graduação e Pós-Graduação e Pesquisadores e alunos de instituições externas. O LPMC tem como objetivos principais: Propiciar condições para a realização de pesquisas científicas e tecnológicas, em particular na área de processamento de materiais, em consonância com o Estatuto, Regimento Geral e Projeto Pedagógico da UFABC e o seu Plano de Desenvolvimento Institucional; Propiciar a formação de pesquisadores técnico-científicos, particularmente em níveis de Mestrado e Doutorado, em particular de programas de pós-graduação da UFABC afins à área de pesquisa do LPMC; Propiciar a complementação acadêmica a dissentes de graduação, particularmente em projetos de iniciação científica e trabalhos de conclusão de curso, em particular de cursos de graduação da UFABC afins à área de pesquisa do LPMC; Propiciar condições para a realização de interações e cooperações científicas e tecnológicas em áreas afins ao LPMC com instituições externas à UFABC, particularmente universidades e instituições de pesquisa; Propiciar condições para a realização de interações e cooperações (no âmbito de extensão tecnológica) em atividades de PD&I com empresas, particularmente da região do Grande ABC e do país; Apoiar alunos e pesquisadores em suas atividades de pesquisa.";SIM;CECS-DAc;Subsolo Bloco A sala L207;82.55;MARCIO GUSTAVO DI VERNIERI CUPPARI
LAB174-2020;L203;Laboratório de Bioquímica dos metais e Química Biológica;O laboratório destina-se a pesquisas de bioquimica envolvendo metais de transição in vitro e in vivo, e quimica biologica envolvendo uso de células de mamiferos.;SIM;CCNH;Bloco B Santo Andre;110;GISELLE CERCHIARO
LAB172-2019;LCCP;Laboratório de Compósitos e caracterização de polímeros;"Laboratório dedicado ao: 1. Desenvolvimento de polímeros avançados a partir de matéria-prima renovável; 2. Análises térmicas por refractometria óptica por modulação de temperatura (TMOR); 3. Desenvolvimento e caracterização de materiais compósitos; 4. Desenvolvimento e caracterização de adesivos; 5. Estudos fundamentais de adesão.";SIM;CECS;Bloco B - Laboratório 101;100;DEMETRIO JACKSON DOS SANTOS
LAB107-2018;CECS63;Laboratório Governo, Democracia e Políticas Públicas;"O Laboratório de Governo, Democracia e Políticas Públicas (Lab-GDPP) tem como objetivos principais: I. Propiciar condições para a realização de pesquisas científicas na área de políticas públicas, democracia e governo, em consonância com o Estatuto, Regimento Geral e Projeto Pedagógico da UFABC e o seu Plano de Desenvolvimento Institucional; II. Propiciar a formação de pesquisadores técnico-científicos, particularmente em níveis de Mestrado e Doutorado, em particular de programas de pós- graduação da UFABC afins à área de pesquisa do Lab-GDPP ; III. Propiciar a complementação acadêmica a discentes de graduação, particularmente em projetos de iniciação científica e trabalhos de conclusão de curso, em particular de cursos de graduação da UFABC afins à área de pesquisa do Lab-GDPP ; IV. Propiciar condições para a realização de interações e cooperações técnico- científicas em áreas afins ao Lab-GDPP , com instituições externas à UFABC, particularmente universidades, instituições de pesquisa e da sociedade civil organizada, bem como órgãos governamentais dos diferentes níveis (municipais, estaduais ou federal); V. Apoiar alunos e pesquisadores em suas atividades de pesquisa.";SIM;CECS;Bloco Delta - Sala 023 - L 013 - campus SBC;63.08;CAROLINA GABAS STUCHI
LAB50-2018;CECS6;Informação e Comunicação II;NA;SIM;CECS;Bloco A - Sala LS 02;75;IVAN ROBERTO SANTANA CASELLA
LAB164-2019;;Tribologia;Esse laboratório tem como atividade o estudo de fenômenos relacionados à superfície dos materiais.;SIM;CECS-DAc;Bloco L - Sala 710;58.9;ERIKA FERNANDA PRADOS
LAB175-2020;PHO2CON;Fotoquímica, Fotofísica e Conversão de Energia (Pho2Con);NA;SIM;CCNH;Bloco B - 2o Andar - L202;125;KARINA PASSALACQUA MORELLI FRIN
LAB215-2021;LARGE;Laboratório de Relatividade e Gravitação;NA;SIM;CCNH;Bloco L, sala 201;50;VILSON TONIN ZANCHIN
LAB32-2018;CCNH1;Biologia Química;NA;SIM;CCNH;Bloco A - Sala 407-3;104;ANA PAULA DE MATTOS AREAS DAU
LAB191-2020;;Laboratório de Bioquímica Vascular;O Laboratório de Bioquímica Vascular se propõe a estudar a responsividade vascular (vasodilatação e vasoconstrição) em condições fisiológicas e patológicas. Em especial, o grupo vem estudando a contribuição do sistema purinérgico em tais respostas. O interesse sobre esse tema vem crescendo enormemente, uma vez que novos componentes dessa sinalização vêm sendo descritos e caracterizados em diferentes sistemas e contextos biológicos. Sabe-se que os nucleotídeos desempenham distintas funções no sistema vascular, atuando sobre processos importantes como a agregação plaquetária, a resposta inflamatória, a vasoconstrição e a vasodilatação, entre outros. A importância dos efetores e receptores purinérgicos na condução das respostas fisiológicas, bem como as implicações das ectonucleotidases no término dessa sinalização, permanecem por ser esclarecidas, caracterizando-se como um campo de investigação extremamente fértil.;SIM;CCNH;Laboratório 308 - Bloco L - Santo André;66.94;CRISTINA RIBAS FURSTENAU
LAB157-2018;LAPEC;Laboratório de Pesquisas em Educação Científica;O LaPEC - Laboratório de Pesquisas em Educação Científica congrega docentes que atuam na pesquisa em Ensino de Química, Biologia, Física além de Educação e Formação de Professores. Atividades relacionadas à síntese de compostos orgânicos atreladas ao NuTS - Núcleo de Tecnologias Sustentáveis também estão vinculadas a este espaço.;SIM;CCNH;508L - Bloco L e LS19 (anexos) - subsolo do Bloco A;157;MARCO ANTONIO BUENO FILHO
LAB182-2020;;Laboratório de Física da Materia Condensada II;Laboratório desenvolve pesquisa sobre síntese e caracterização das propriedades químicas e físicas de materiais como polímeros, semicondutores e magnéticos.;SIM;CCNH;Bloco A;90;JOSE ANTONIO SOUZA
LAB150-2018;CMSABC;CMS Center;Sala de controle e análise de dados do experimento CMS do CERN/LHC;SIM;CCNH;L205 Mezanino Bloco B;25.96;EDUARDO DE MORAES GREGORES
LAB212-2020;LATESI;Laboratório de Técnicas Espectro e Eletroanalíticas, Separações e Instrumentação;Laboratório dedicado ao desenvolvimento de instrumentação e metodologia analítica e bioanalítica para a análise de amostras de diversas naturezas, incluindo ambientais, alimentos, medicamentos e materiais de origem biológica. Procedimentos de instrumentação analítica, preparo de amostras, determinações por técnicas espetrofotométricas e eletroanalíticas e técnicas de separação fazem parte das linhas de pesquisa do grupo de pesquisa. Fazem parte da estrutura do laboratório uma sala de preparo de amostras, uma oficina mecânica, uma oficina de eletrônica, área de estudo para os discentes e área de trabalho principal.;SIM;CCNH;Bloco L;112.27;ALEXANDRE ZATKOVSKIS CARVALHO
LAB165-2019;PMALAB;Laboratório de Fototerapia e Análise Microbiológica;Trata-se de um laboratório dedicado às pesquisas que envolvam fototerapias com radiações não ionizantes, com ênfase em lasers e LEDs, nas diferentes áreas das ciências da vida.;SIM;CECS;Bloco Omega, sala 101;63;PATRICIA APARECIDA DA ANA
LAB187-2020;L213;Laboratório de Física Teórica - Partículas Elementares e Campos;Laboratório de pesquisa teórica em física de partículas elementares e teoria quântica de campos.;SIM;CCNH;Bloco L;73;ALYSSON FABIO FERRARI
LAB178-2020;LA;Laboratório de Astropartículas;Laboratório para o estudo, simulação e detecção de astropartículas.;SIM;CCNH;L1101, 11º andar, Bloco B, campus Santo André;24;MARCELO AUGUSTO LEIGUI DE OLIVEIRA
LAB43-2018;CCNH12;ABCSim;NA;SIM;CCNH;Bloco L - Sala 208;110;GUSTAVO MARTINI DALPIAN
LAB216-2021;LACOB;Marcella Milazzotto;NA;SIM;CCNH;Bloco A, Torre 3, 5o andar/ Santo André;97;MARCELLA PECORA MILAZZOTTO
LAB169-2019;LASMAC;Síntese de Materiais Cerâmicos;"Laboratório de Pesquisa com ênfase no desenvolvimento e caracterização de materiais, bem como na melhoria do processamento e aplicações. De maneira geral, são desenvolvidos trabalhos nos seguintes temas: obtenção de materiais cerâmicos bulk, porosos e nanoestruturados por diversas rotas de síntese, convencionais ou não (micro-ondas, hidrotermal, spray pyrolisis, etc); Processamento de polímeros; Nanocompósitos e Blendas poliméricas; Design de materiais poliméricos com propriedades controladas (dispersão seletiva); Materiais poliméricos para impressão 3D e 4D; Permeação e sorção em polímeros; desenvolvimento de micro e nanodispositivos para aplicação em nanoeletrônica, transmissão de informação e nanosensores. Também são desenvolvidas pesquisas voltadas à Propriedade Intelectual e abordagens experimentais como estratégia de ensino em engenharia de materiais; O laboratório pode realizar caracterizações elétricas e magnéticas de materiais em função da temperatura (entre 10 a 800K) e os pesquisadores possuem conhecimento para análises envolvendo diversas técnicas, como Microscopia Eletrônica de Varredura e Ótica, DRX e SAXS, ensaios mecânicos e etc.";SIM;CECS;Bloco L - Sala 606;185;ALEXANDRE JOSE DE CASTRO LANFREDI
LAB167-2019;LPF;Everaldo Venancio;O laboratório de Polímeros Funcionais é dedicado à síntese, carcaterização e processamento de polímeros funcionais, o que que inclui polímeros condutores, biopolímeros e microcpasulas de melamina-formaldeído, blendas e compósitos contendo polímeros condutores, derivados de carbono (negro de fumo e óxido de grafeno), mantas de nanofibras e microfibras de polímeros funcionais. Estes materiais podem ser aplicados em processos de aramazenamento e conversão de energia, engenharia tecidual, membranas para filtração de líquidos e sensores.;SIM;CECS;Bloco L;44;EVERALDO CARLOS VENANCIO
LAB206-2020;LAQUAFOR;Química Analítica;Laboratorio que conta com recursos analiticos para analises quimicas ambientais, ocupacionais e forenses alem do desenvolvimento de sistemas para a eliminação e tratamento de poluentes emergentes;SIM;CCNH;Bloco B Lab. 204;125;ELIZABETE CAMPOS DE LIMA
LAB197-2020;LABPETRO;LABORATÓRIO DE PETRÓLEO E TÉCNICAS DE ALTA PRESSÃO;O LABPETRO TEM COMO PRINCIPAL OBJETIVO O ESTUDO DO EMPREGO DE FLUÍDOS EM ALTA PRESSÃO (SUPERCRÍTICO E SUBCRÍTICO) NOS PROCESSOS UNITÁRIOS DAS SEGUINTES INDÚSTRIAS: PETRÓLEO, PETROQUÍMICA, ÓLEOS ESSENCIAIS, ELETRONICA, COSMÉTICOS E TEXTIL. OUTRO FOCO DE ESTUDO, É O DESENVOLVIMENTO DE PROCESSOS, EQUIPAMENTOS E INSTRUMENTAÇÃO, CONVENIENTES A APLICAÇÕES UTILIZANDO ALTA PRESSÃO, E EMPREGO DESTES A ÁREA DE QUÍMICA PURA E APLICADA (EXTRAÇÃO E CROMATOGRAFIA COM FLUIDOS SUPERCRÍTICOS/SUBCRÍTICOS EM ESCALA ANALÍTICA, PRODUÇÃO DE COLUNAS CROMATOGRÁFICAS E DE EXTRAÇÃO E TÉCNICAS DE PREPARO DE AMOSTRAS).;SIM;CCNH;BLOCO L - SALA L009;28.78;JOSE CARLOS RODRIGUES SILVA
LAB208-2020;LACABIO1;Laboratório de Caracterização de Bioprodutos;Laboratório destinado à caracterização físico-química e termofísica de resíduos e biomassas diversas.;SIM;CECS;Bloco Ômega, L102;64;ANA MARIA PEREIRA NETO
LAB118-2018;CECS74;Laboratório de Circuitos Integrados de RF;Laboratório destinado a pesquisas relacionadas a sistemas multimídia, sensores e circuitos integrados de rádio frequência.;SIM;CECS;Bloco Ômega - Sala 009;150;ANDRE DA FONTOURA PONCHET
LAB35-2018;CCNH4;Prospecção e Caracterização de Compostos Bioativos;NA;SIM;CCNH;Bloco A - Sala 503-3;87;DANIELE RIBEIRO DE ARAUJO
LAB95-2018;CECS51;Processamentos Cerâmicos;NA;SIM;CECS;Bloco L - Sala 608;98.6;HUMBERTO NAOYUKI YOSHIMURA
LAB180-2020;LAP;Laboratório de Agentes Patogênicos;"Laboratório de pesquisa em biologia molecular e epidemiologia de agentes patogênicos, incluindo protozoários das famílias Trypanosoma, Leishmania e Plasmodium; arboviroses das famílias Flavivirus e Alphavirus; e bactérias incluindo as rickettsias. Para produção de proteínas recombinantes com finalidade de diagnóstico e uso biotecnológico são utilizados sistemas de expressão em procariotos com bactérias não patogênicas e células de insetos com utilização de baculovírus recombinantes.";SIM;CCNH;Bloco Delta, Laboratório 107;42;MARCIA APARECIDA SPERANCA
LAB181-2020;LICS;Laboratório de interações elementares, coletivas e sistemas fortemente correlacionados.;Laboratório de pesquisa em física teórica, aplicada às áreas de teoria dos campos, física dos plasmas e matéria condensada.;SIM;CCNH;Bloco L - Sala 211;60;FRANCISCO EUGENIO MENDONCA DA SILVEIRA
LAB42-2018;CCNH11;Cristalografia e Caracterização Estrutural de Materiais;NA;SIM;CCNH - DIVISÃO ACADÊMICA DO CCNH;Bloco A - Sala 704-3;120.94;FABIO FURLAN FERREIRA
LAB188-2020;L204;Laboratório multidisciplinar de pesquisa;Laboratório de pesquisa multidisciplinar, mas principalmente focado em Física teórica e computacional.;SIM;CCNH;Sala 204 Bloco L;50;VALERY SHCHESNOVICH
LAB186-2020;;TermitoLab;Laboratório de Termitologia da UFABC.;SIM;CCNH;Laboratório 304 - Bloco L - Campus SA;56.45;TIAGO FERNANDES CARRIJO
LAB39-2018;CCNH8;Biologia Molecular, Biomateriais e Materiais Avançados;NA;SIM;CCNH;Bloco A - Sala 507-3;85;LUCIANA CAMPOS PAULINO
LAB193-2020;LEMA;Laboratório de Espectroscopia Molecular e Atômica;São desenvolvidas projetos de pesquisas na grande área de Química com enfoque Analítico, Ambiental, Quimiometria e Modelagem multivariada. Os projetos de pesquisa referem-se: (i) Desenvolvimento de métodos analíticos utilizando técnicas de absorção e emissão atômica e molecular. Visando amostras ambientais. (ii) Aplicação de métodos quimiométricos e modelagem multivariada. Desde sua criação o LEMA tem conseguido a aprovação de projetos de pesquisa financiados por agências de Fomento a Pesquisa como FAPESP e CNPq.;SIM;CCNH;Bloco L;111;IVANISE GAUBEUR
LAB201-2020;LIPEC;Laboratório Interdisciplinar de Pesquisa em Ensino de Ciências;Laboratório de pesquisa teórica e prática que reúne pesquisadores das áreas de ensino de física, química, ciências biológicas e história das ciências;SIM;CCNH;Bloco A - SUBSOLO;120;MIRIAN PACHECO SILVA ALBRECHT
LAB213-2020;L505;Catálise e Síntese Orgânica;São desenvolvidas pesquisas em catálise e processos de adsorção, nos seguintes temas: reações de metátese de alquenos, oxidação, hidrogenação, hidrogenólise, esterificação e eterificação de compostos orgânicos, incluindo produtos naturais, reações de conversão de polióis e lignina, controle ambiental, tratamento de efluentes, peneiras moleculares, zeólitas naturais, argilas, nióbia e carvões ativados. A proposta é utilizar processos ambientalmente corretos com a finalidade de produzir insumos para indústria de petróleo, plásticos, aromas e produtos farmacêuticos;SIM;CCNH;Bloco L;112.27;DALMO MANDELLI
LAB207-2020;GESUP;Grupo de Eletroquímica de Superfícies;Laboratório destinado a pesquisa cientifica voltada a eletroquímica de superfície, desenvolvimento de novos eletrocatalisadores, sensores eletroquímicos e processos de transformação eletroquímica.;SIM;CCNH;LAB.201 - BLOCO B;124;CAMILO ANDREA ANGELUCCI
LAB199-2020;;Laboratório de Processamento e Caracterização de Materiais Avançados;"Desenvolvimento e caracterização de materiais avançados e biofuncionais. Entre os materiais estudados, destacam-se: compostos intermetálicos magnéticos, supercondutores e de sistemas eletrônicos fortemente correlacionados; biomateriais cerâmicos e poliméricos para reparo tecidual.";SIM;CCNH;Bloco L - Sala 712;64.62;LETICIE MENDONCA FERREIRA
LAB184-2020;LND;Laboratório de Fabricação de Nano-Dispositivos;Laboratório de Fabricação de Nano-Dispositivos;SIM;CCNH;Bloco L ? 6º andar - L609;58.87;JOSE JAVIER SAEZ ACUNA
LAB214-2020;LABIO;Laboratório de Biossistemática e Biotecnologia;O laboratório de de Biossistemática e Biotecnologia (LABIO) da UFABC desenvolve pesquisas com diversos grupos (principalmente algas marinhas) com foco nos seguintes temas: biodiversidade e filogenia molecular, DNA barcoding, filogeografia, genética de populações e filogenômica.;SIM;CCNH;Bloco L - Sala 310 (Santo André);67.3;PRISCILA BARRETO DE JESUS
LAB112-2018;CECS68;Biomateriais;Laboratório de pesquisa (tipo úmido), destinado ao preparo e manuseio de amostras de biomateriais.;SIM;CECS;Bloco Ômega - Sala 003;65;SONIA MARIA MALMONGE
LAB220-2021;;Laboratório Multiusuário NB2 - Lentivírus do CCNH;NA;SIM;CCNH;Bloco A, L314-3, campus Santo André.;16;CARLOS ALBERTO DA SILVA
LAB221-2021;;Laboratório de Equipamentos Multiusuários do CCNH (L506);NA;SIM;CCNH;Bloco L, L506, campus Santo André.;28.89;CARLOS ALBERTO DA SILVA
LAB222-2021;LGPMU;Laboratório de Equipamentos Multiusuários do CCNH (L407-3 interlab);NA;SIM;CCNH;Bloco A, L407-3 interlab, campus Santo André.;16.85;CARLOS ALBERTO DA SILVA
LAB223-2021;;Laboratório de Equipamentos Multiusuários do CCNH (s125);NA;SIM;CCNH;Bloco Delta, 1o andar, s125, campus São Bernardo;12;CARLOS ALBERTO DA SILVA
LAB224-2021;;Laboratório de Equipamentos Multiusuários do CCNH (LS20_1);NA;SIM;CCNH;Bloco A,Subsolo, LS20_1 , campus Santo André.;27.73;CARLOS ALBERTO DA SILVA
LAB225-2021;;Laboratório de Equipamentos Multiusuários do CCNH (L203-MU);NA;SIM;CCNH;Bloco B, L203, campus Santo André.;25;CARLOS ALBERTO DA SILVA
LAB173-2020;L104;Laboratório de Morfofisiologia Experimental;"Com caráter multidisciplinar, o grupo tem como objetivo entender a complexidade morfofuncional de órgãos e sistemas e os possíveis efeitos de moléculas naturais ou sintéticas de interesse farmacológico para a melhoria da qualidade de vida humana. Nesse contexto, possibilitar a formação de profissionais qualificados para atender as necessidades do setor produtivo nacional e/ou internacional com ênfase nas estratégias inovadoras ou incrementais para o diagnóstico ou tratamento de diferentes disfunções. As análises desenvolvidas envolvem a aplicação de procedimentos experimentais ""in vivo"" ""ex vivo"" e ""in vitro"", articulando-se e integrando-se entre diferentes áreas das Ciências Biológicas e da saúde, como a Bioquímica, Biofísica, Farmacologia, Biologia Molecular, Celular, Tecidual e Funcional.";SIM;CCNH;Bloco Delta, campus São Bernardo do Campo;120;CARLOS ALBERTO DA SILVA
